Reference,MHC,Epitope,Assay,Assay,Assay,Assay,Assay,Assay,Epitope,Reference,Reference,Reference,Reference,Reference,Reference,Reference,Reference,Epitope,Epitope,Epitope,Epitope,Epitope,Epitope,Epitope,Epitope,Epitope,Epitope,Epitope,Related Object,Related Object,Related Object,Related Object,Related Object,Related Object,Related Object,Related Object,Related Object,Related Object,Related Object,Host,Host,Host,Host,In vivo Process,In vivo Process,In vivo Process,In vivo Process,In vivo Process,In vivo Process,In vivo Process,In vivo Process,In vivo Process,In vivo Process,In vivo Process,In vivo Process,In vivo Process,In vivo Process,In vivo Process,In vitro Process,In vitro Process,In vitro Process,In vitro Process,In vitro Process,In vitro Process,In vitro Process,In vitro Process,In vitro Process,In vitro Process,In vitro Process,In vitro Process,In vitro Process,Processed Antigen Comments,Assay,Assay,Assay,Assay,Assay,Antigen Processing Cells,Antigen Processing Cells,Antigen Processing Cells,MHC,MHC,Assay Comments
MHC ligand ID,Allele Name,Object Type,Method/Technique,Assay Group,Units,Qualitative Measure,Measurement Inequality,Quantitative measurement,Description,Reference ID,Type,PubMed ID,Authors,Journal,Date,Title,Submission ID,Epitope ID,Starting Position,Ending Position,Non-peptidic epitope ChEBI ID,Antigen Name,Parent Protein,Parent Protein Accession,Organism Name,Parent Species,Parent Species Accession,Epitope Comments,Epitope Relationship,Object Type,Description,Starting Position,Ending Position,Non-peptidic object Accession,Synonyms,Antigen Name,Parent Protein,Organism Name,Parent Organism,Name,Host ID,Geolocation,MHC Types Present,Process Type,Disease State,Disease Stage,Processed Antigen Epitope Relation,Processed Antigen Object Type,Processed Antigen Description,Processed Antigen Starting Position,Processed Antigen Ending Position,Non-peptidic Processed Antigen ChEBI ID,Processed Antigen Source Molecule Name,Processed Antigen protein parent Name,Processed Antigen protein parent Accession,Processed Antigen Organism Name,Processed Antigen Organism Species,Processed Antigen Organism Species ID,In vitro administration type,Processed Antigen Epitope Relation,Processed Antigen Object Type,Processed Antigen Description,Processed Antigen Starting Position,Processed Antigen Ending Position,Non-peptidic Processed Antigen ChEBI ID,Processed Antigen Source Molecule Name,Protein Parent Name,Protein Parent Accession,Processed Antigen Organism Name,Immunogen Organism Species,Immunogen Organism Species ID,Processed Antigen Comments,Location of assay data in the manuscript,Number of Subjects Tested,Number of Subjects Responded,Response Frequency,PDB ID,Cell Tissue Type,Cell Type,Cell Culture Conditions,Allele Evidence Code,MHC allele class,Assay Comments
1551455,Mamu-B*017:04,Linear peptide,purified MHC/competitive/radioactivity,dissociation constant KD (~IC50),nM,Positive-Intermediate,,,LRPVVVVNWWWWWWWWWWWWWWWWWWWWW,1013491,Submission,,John Sidney; Carrie Moore; Amiyah Steen; Sandy Ngo; Ravi Kolla; Alessandro Sette,,2009,Mamu B*17 binding capacity of vaccinia virus peptides.,1000390,85779,4,12,,unknown,Uncharacterized protein VACWR003,Q805P9,Vaccinia virus WR,Vaccinia virus,10245,,,,,,,,,,,,,rhesus macaque (Macaca mulatta),9544,,,,,,,,,,,,,,,,,,,,,,,,,,,,,,,,,,,,,,,,,I,
1551456,Mamu-B*017:04,Linear peptide,purified MHC/competitive/radioactivity,dissociation constant KD (~IC50),nM,Positive-Low,=,4620,CTPCGSGTFWWWWWWWWWWWWWWWWWWWWWWWWWWWWWWWWWWWWWWWWWWW,1013491,Submission,,John Sidney; Carrie Moore; Amiyah Steen; Sandy Ngo; Ravi Kolla; Alessandro Sette,,2009,Mamu B*17 binding capacity of vaccinia virus peptides.,1000390,80833,60,68,,Protein C22/B28,Truncated CrmB protein,Q76ZJ3,Vaccinia virus Copenhagen,Vaccinia virus,10245,,,,,,,,,,,,,rhesus macaque (Macaca mulatta),9544,,,,,,,,,,,,,,,,,,,,,,,,,,,,,,,,,,,,,,,,,I,
1551457,Mamu-B*017:04,Linear peptide,purified MHC/competitive/radioactivity,dissociation constant KD (~IC50),nM,Positive-Intermediate,>,338,CTPCGSGTFWWWWWWWWWWWWWWWWWWWWWWWWWWWWWWWWWWWWWWWWWWWWWWWWWWW,1013491,Submission,,John Sidney; Carrie Moore; Amiyah Steen; Sandy Ngo; Ravi Kolla; Alessandro Sette,,2009,Mamu B*17 binding capacity of vaccinia virus peptides.,1000390,90322,5,13,,ankyrin-like protein,Truncated ankyrin repeat protein B25,Q805H0,Vaccinia virus WR,Vaccinia virus,10245,,,,,,,,,,,,,rhesus macaque (Macaca mulatta),9544,,,,,,,,,,,,,,,,,,,,,,,,,,,,,,,,,,,,,,,,,I,
1551458,Mamu-B*017:04,Linear peptide,purified MHC/competitive/radioactivity,dissociation constant KD (~IC50),nM,Positive-Low,<,1,KHVT,1013491,Submission,,John Sidney; Carrie Moore; Amiyah Steen; Sandy Ngo; Ravi Kolla; Alessandro Sette,,2009,Mamu B*17 binding capacity of vaccinia virus peptides.,1000390,84340,31,39,,Protein C10,Protein C10,P03296,Vaccinia virus WR,Vaccinia virus,10245,,,,,,,,,,,,,rhesus macaque (Macaca mulatta),9544,,,,,,,,,,,,,,,,,,,,,,,,,,,,,,,,,,,,,,,,,I,
1551459,Mamu-B*017:04,Linear peptide,purified MHC/competitive/radioactivity,dissociation constant KD (~IC50),nM,Positive-Low,,1,KLDDDTDIW,1013491,Submission,,John Sidney; Carrie Moore; Amiyah Steen; Sandy Ngo; Ravi Kolla; Alessandro Sette,,2009,Mamu B*17 binding capacity of vaccinia virus peptides.,1000390,84459,269,277,,Protein C10,Protein C10,P03296,Vaccinia virus WR,Vaccinia virus,10245,,,,,,,,,,,,,rhesus macaque (Macaca mulatta),9544,,,,,,,,,,,,,,,,,,,,,,,,,,,,,,,,,,,,,,,,,I,
1551460,Mamu-B*017:04,Linear peptide,purified MHC/competitive/radioactivity,dissociation constant KD (~IC50),nM,Positive-Low,=,4840,MRSDEDAKF,1013491,Submission,,John Sidney; Carrie Moore; Amiyah Steen; Sandy Ngo; Ravi Kolla; Alessandro Sette,,2009,Mamu B*17 binding capacity of vaccinia virus peptides.,1000390,82318,37,45,,interleukin-18-binding protein,Interleukin-18-binding protein,P17357,Vaccinia virus WR,Vaccinia virus,10245,,,,,,,,,,,,,rhesus macaque (Macaca mulatta),9544,,,,,,,,,,,,,,,,,,,,,,,,,,,,,,,,,,,,,,,,,I,
1551461,Mamu-B*017:04,Linear peptide,purified MHC/competitive/flourescence,dissociation constant KD (~IC50),nM,Positive-High,=,501,MRSDEDAKF,1013491,Submission,,John Sidney; Carrie Moore; Amiyah Steen; Sandy Ngo; Ravi Kolla; Alessandro Sette,,2009,Mamu B*17 binding capacity of vaccinia virus peptides.,1000390,86454,46,54,,interleukin-18-binding protein,Interleukin-18-binding protein,P17357,Vaccinia virus WR,Vaccinia virus,10245,,,,,,,,,,,,,rhesus macaque (Macaca mulatta),9544,,,,,,,,,,,,,,,,,,,,,,,,,,,,,,,,,,,,,,,,,I,
1551462,Mamu-B*017:04,Linear peptide,purified MHC/competitive/radioactivity,dissociation constant KD (~IC50),nM,Positive-High,=,31.9,MRSDEDAKF,1013491,Submission,,John Sidney; Carrie Moore; Amiyah Steen; Sandy Ngo; Ravi Kolla; Alessandro Sette,,2009,Mamu B*17 binding capacity of vaccinia virus peptides.,1000390,86488,1,9,,Uncharacterized 7.8 kDa HindIII-C protein,Interleukin-18-binding protein,P17357,Vaccinia virus WR,Vaccinia virus,10245,,,,,,,,,,,,,rhesus macaque (Macaca mulatta),9544,,,,,,,,,,,,,,,,,,,,,,,,,,,,,,,,,,,,,,,,,I,
1551461,Mamu-B*017:04,Linear peptide,purified MHC/competitive/flourescence,dissociation constant KD (~IC50),nM,Positive-High,=,700,MRSDEDAAAA,1013491,Submission,,John Sidney; Carrie Moore; Amiyah Steen; Sandy Ngo; Ravi Kolla; Alessandro Sette,,2009,Mamu B*17 binding capacity of vaccinia virus peptides.,1000390,86454,46,54,,interleukin-18-binding protein,Interleukin-18-binding protein,P17357,Vaccinia virus WR,Vaccinia virus,10245,,,,,,,,,,,,,rhesus macaque (Macaca mulatta),9544,,,,,,,,,,,,,,,,,,,,,,,,,,,,,,,,,,,,,,,,,I,
1551462,Mamu-B*017:04,Linear peptide,purified MHC/competitive/radioactivity,dissociation constant KD (~IC50),nM,Positive-High,=,2,MRSDEDAAAA,1013491,Submission,,John Sidney; Carrie Moore; Amiyah Steen; Sandy Ngo; Ravi Kolla; Alessandro Sette,,2009,Mamu B*17 binding capacity of vaccinia virus peptides.,1000390,86488,1,9,,Uncharacterized 7.8 kDa HindIII-C protein,Interleukin-18-binding protein,P17357,Vaccinia virus WR,Vaccinia virus,10245,,,,,,,,,,,,,rhesus macaque (Macaca mulatta),9544,,,,,,,,,,,,,,,,,,,,,,,,,,,,,,,,,,,,,,,,,I,
